{
    "player_scalar_stats": {
        "mean": [
            49.38163757324219,
            51.74504852294922,
            0.9555016756057739,
            0.03908700495958328,
            0.8782005310058594
        ],
        "std": [
            49.38163757324219,
            51.74504852294922,
            0.9555016756057739,
            0.03908700495958328,
            0.8782005310058594
        ],
        "min": [
            49.38163757324219,
            51.74504852294922,
            0.9555016756057739,
            0.03908700495958328,
            0.8782005310058594
        ]
    },
    "semantic_maps": {
        "mean": [
            0.446249783039093,
            0.017472892999649048,
            5.001734256744385
        ],
        "std": [
            0.446249783039093,
            0.017472892999649048,
            5.001734256744385
        ],
        "min": [
            0.446249783039093,
            0.017472892999649048,
            5.001734256744385
        ]
    },
    "heur_actions_priorities": {
        "mean": [
            0.28764477372169495,
            0.2637222111225128,
            0.2688170075416565,
            0.4083389341831207,
            0.23493202030658722,
            0.08738623559474945,
            -0.1254422664642334,
            0.3444666862487793,
            0.28764477372169495,
            -15.49926471710205,
            -4.672675609588623,
            -4.0142741203308105,
            -11.670623779296875,
            -18.119657516479492,
            -1.782924771308899,
            -18.888517379760742,
            -12.69756031036377,
            -15.49926471710205,
            -7.425075054168701,
            -5.760632038116455,
            -4.781787872314453,
            -4.380234241485596,
            -18.908658981323242,
            -5.002048492431641,
            -18.034366607666016,
            -3.703115701675415,
            -7.425075054168701
        ],
        "std": [
            0.28764477372169495,
            0.2637222111225128,
            0.2688170075416565,
            0.4083389341831207,
            0.23493202030658722,
            0.08738623559474945,
            -0.1254422664642334,
            0.3444666862487793,
            0.28764477372169495,
            -15.49926471710205,
            -4.672675609588623,
            -4.0142741203308105,
            -11.670623779296875,
            -18.119657516479492,
            -1.782924771308899,
            -18.888517379760742,
            -12.69756031036377,
            -15.49926471710205,
            -7.425075054168701,
            -5.760632038116455,
            -4.781787872314453,
            -4.380234241485596,
            -18.908658981323242,
            -5.002048492431641,
            -18.034366607666016,
            -3.703115701675415,
            -7.425075054168701
        ],
        "min": [
            0.28764477372169495,
            0.2637222111225128,
            0.2688170075416565,
            0.4083389341831207,
            0.23493202030658722,
            0.08738623559474945,
            -0.1254422664642334,
            0.3444666862487793,
            0.28764477372169495,
            -15.49926471710205,
            -4.672675609588623,
            -4.0142741203308105,
            -11.670623779296875,
            -18.119657516479492,
            -1.782924771308899,
            -18.888517379760742,
            -12.69756031036377,
            -15.49926471710205,
            -7.425075054168701,
            -5.760632038116455,
            -4.781787872314453,
            -4.380234241485596,
            -18.908658981323242,
            -5.002048492431641,
            -18.034366607666016,
            -3.703115701675415,
            -7.425075054168701
        ]
    }
}