{
    "player_scalar_stats": {
        "mean": [
            48.71262741088867,
            50.99024200439453,
            0.9566950798034668,
            0.0403948575258255,
            0.8801918029785156
        ],
        "std": [
            48.71262741088867,
            50.99024200439453,
            0.9566950798034668,
            0.0403948575258255,
            0.8801918029785156
        ],
        "min": [
            48.71262741088867,
            50.99024200439453,
            0.9566950798034668,
            0.0403948575258255,
            0.8801918029785156
        ]
    },
    "semantic_maps": {
        "mean": [
            0.445127010345459,
            0.017212659120559692,
            4.9437055587768555
        ],
        "std": [
            0.445127010345459,
            0.017212659120559692,
            4.9437055587768555
        ],
        "min": [
            0.445127010345459,
            0.017212659120559692,
            4.9437055587768555
        ]
    },
    "heur_action_priorities": {
        "mean": [
            0.28280264139175415,
            0.25963684916496277,
            0.2609662115573883,
            0.40300971269607544,
            0.2299221009016037,
            0.08346183598041534,
            -0.1237427294254303,
            0.34145572781562805,
            -15.16542911529541,
            -4.844458103179932,
            -4.023793697357178,
            -11.228976249694824,
            -17.46282196044922,
            -1.6620674133300781,
            -18.367876052856445,
            -11.888944625854492,
            -7.3320393562316895,
            -5.830069065093994,
            -4.87669563293457,
            -4.094380855560303,
            -18.273988723754883,
            -4.975750923156738,
            -17.4599666595459,
            -3.321195125579834
        ],
        "std": [
            0.28280264139175415,
            0.25963684916496277,
            0.2609662115573883,
            0.40300971269607544,
            0.2299221009016037,
            0.08346183598041534,
            -0.1237427294254303,
            0.34145572781562805,
            -15.16542911529541,
            -4.844458103179932,
            -4.023793697357178,
            -11.228976249694824,
            -17.46282196044922,
            -1.6620674133300781,
            -18.367876052856445,
            -11.888944625854492,
            -7.3320393562316895,
            -5.830069065093994,
            -4.87669563293457,
            -4.094380855560303,
            -18.273988723754883,
            -4.975750923156738,
            -17.4599666595459,
            -3.321195125579834
        ],
        "min": [
            0.28280264139175415,
            0.25963684916496277,
            0.2609662115573883,
            0.40300971269607544,
            0.2299221009016037,
            0.08346183598041534,
            -0.1237427294254303,
            0.34145572781562805,
            -15.16542911529541,
            -4.844458103179932,
            -4.023793697357178,
            -11.228976249694824,
            -17.46282196044922,
            -1.6620674133300781,
            -18.367876052856445,
            -11.888944625854492,
            -7.3320393562316895,
            -5.830069065093994,
            -4.87669563293457,
            -4.094380855560303,
            -18.273988723754883,
            -4.975750923156738,
            -17.4599666595459,
            -3.321195125579834
        ]
    }
}