{
    "player_scalar_stats": {
        "mean": [
            47.51140213012695,
            49.86894607543945,
            0.9575411081314087,
            0.04650652036070824,
            0.803830087184906
        ],
        "std": [
            47.51140213012695,
            49.86894607543945,
            0.9575411081314087,
            0.04650652036070824,
            0.803830087184906
        ],
        "min": [
            47.51140213012695,
            49.86894607543945,
            0.9575411081314087,
            0.04650652036070824,
            0.803830087184906
        ]
    },
    "semantic_maps": {
        "mean": [
            0.4494558572769165,
            0.0184023417532444,
            5.351868152618408
        ],
        "std": [
            0.4494558572769165,
            0.0184023417532444,
            5.351868152618408
        ],
        "min": [
            0.4494558572769165,
            0.0184023417532444,
            5.351868152618408
        ]
    },
    "heur_actions_priorities": {
        "mean": [
            0.20693086087703705,
            0.13714200258255005,
            0.14674334228038788,
            0.4409719407558441,
            0.22032205760478973,
            0.009706387296319008,
            -0.16875654458999634,
            0.19349338114261627,
            0.20693086087703705,
            -6.565725803375244,
            -3.5679328441619873,
            0.9571619629859924,
            -0.3461376130580902,
            1.5332568883895874,
            -1.5990580320358276,
            -40.636322021484375,
            -23.868961334228516,
            -6.565725803375244,
            -4.0997161865234375,
            -4.459709167480469,
            -4.430885314941406,
            1.9976035356521606,
            -4.194687366485596,
            -2.830958127975464,
            -33.13208770751953,
            -10.085565567016602,
            -4.0997161865234375
        ],
        "std": [
            0.20693086087703705,
            0.13714200258255005,
            0.14674334228038788,
            0.4409719407558441,
            0.22032205760478973,
            0.009706387296319008,
            -0.16875654458999634,
            0.19349338114261627,
            0.20693086087703705,
            -6.565725803375244,
            -3.5679328441619873,
            0.9571619629859924,
            -0.3461376130580902,
            1.5332568883895874,
            -1.5990580320358276,
            -40.636322021484375,
            -23.868961334228516,
            -6.565725803375244,
            -4.0997161865234375,
            -4.459709167480469,
            -4.430885314941406,
            1.9976035356521606,
            -4.194687366485596,
            -2.830958127975464,
            -33.13208770751953,
            -10.085565567016602,
            -4.0997161865234375
        ],
        "min": [
            0.20693086087703705,
            0.13714200258255005,
            0.14674334228038788,
            0.4409719407558441,
            0.22032205760478973,
            0.009706387296319008,
            -0.16875654458999634,
            0.19349338114261627,
            0.20693086087703705,
            -6.565725803375244,
            -3.5679328441619873,
            0.9571619629859924,
            -0.3461376130580902,
            1.5332568883895874,
            -1.5990580320358276,
            -40.636322021484375,
            -23.868961334228516,
            -6.565725803375244,
            -4.0997161865234375,
            -4.459709167480469,
            -4.430885314941406,
            1.9976035356521606,
            -4.194687366485596,
            -2.830958127975464,
            -33.13208770751953,
            -10.085565567016602,
            -4.0997161865234375
        ]
    }
}
